ID,DATE,n1,n2,n3,n4,n5
1,20230128,20,51,54,59,86
2,20230121,11,36,39,68,84
3,20230114,16,25,32,72,85
4,20230107,20,58,72,80,90
5,20230101,5,32,36,48,61
6,20221224,2,4,43,53,70
7,20221217,5,39,51,83,84
8,20221210,5,20,37,75,78
9,20221203,8,27,60,71,75
10,20221126,4,18,39,41,54
11,20221119,5,21,32,38,81
12,20221112,16,30,32,58,79
13,20221105,15,35,37,46,72
14,20221029,2,3,22,42,55
15,20221022,4,8,12,40,44
16,20221015,1,7,39,40,58
17,20221008,18,33,36,48,60
18,20221001,12,22,24,49,65
19,20220924,3,16,21,43,60
20,20220917,7,15,19,33,71
21,20220910,7,10,33,34,78
22,20220903,15,31,60,67,76
23,20220827,12,19,32,47,59
24,20220820,5,17,31,61,68
25,20220813,18,41,42,48,52
26,20220806,24,38,50,75,76
27,20220730,12,19,20,34,36
28,20220723,49,51,54,62,83
29,20220716,30,45,56,62,71
30,20220709,11,35,44,47,77
31,20220702,1,36,42,57,79
32,20220625,7,27,30,34,68
33,20220618,12,22,26,27,31
34,20220611,4,19,30,58,71
35,20220604,14,36,38,45,55
36,20220528,16,19,31,41,61
37,20220521,12,24,33,75,90
38,20220514,3,15,40,46,55
39,20220507,9,53,57,70,72
40,20220430,2,30,41,45,88
41,20220423,41,54,64,81,83
42,20220416,1,25,35,43,49
43,20220409,9,40,57,70,90
44,20220402,4,8,10,55,66
45,20220326,11,21,22,31,73
46,20220319,27,50,73,74,84
47,20220312,4,11,14,40,44
48,20220305,21,47,52,72,90
49,20220226,13,25,33,37,90
50,20220219,30,33,36,66,87
51,20220212,20,42,61,63,81
52,20220205,6,50,57,65,76
53,20220129,11,15,16,42,48
54,20220122,4,6,15,32,83
55,20220115,21,49,53,59,79
56,20220108,3,17,36,66,80
57,20220101,6,25,47,55,86
58,20211225,5,31,34,42,63
59,20211218,2,13,33,60,62
60,20211211,5,12,33,56,64
61,20211204,4,17,52,56,71
62,20211127,42,48,53,57,64
63,20211120,13,22,27,32,35
64,20211113,25,52,72,76,90
65,20211106,4,29,65,69,79
66,20211030,6,12,54,64,74
67,20211023,5,14,24,34,79
68,20211016,22,49,64,73,86
69,20211009,6,15,30,65,72
70,20211002,17,25,30,31,48
71,20210925,9,20,64,70,76
72,20210918,51,54,57,74,89
73,20210911,15,36,50,55,65
74,20210904,16,32,49,73,77
75,20210828,3,13,30,32,38
76,20210821,28,43,45,47,62
77,20210814,7,51,55,59,86
78,20210807,10,37,42,56,74
79,20210731,16,37,38,41,69
80,20210724,29,63,71,75,77
81,20210717,27,34,38,51,62
82,20210710,1,11,37,49,75
83,20210703,1,16,29,30,58
84,20210626,5,27,41,49,63
85,20210619,49,70,75,78,79
86,20210612,5,13,16,81,87
87,20210605,9,32,47,72,81
88,20210529,21,49,50,58,84
89,20210522,8,21,57,77,80
90,20210515,26,33,44,73,85
91,20210508,3,28,62,76,90
92,20210501,10,39,65,70,90
93,20210424,13,17,34,50,61
94,20210417,40,42,45,50,86
95,20210410,3,20,36,41,55
96,20210403,6,32,39,44,76
97,20210327,29,34,69,86,89
98,20210320,15,32,73,78,83
99,20210313,1,36,51,59,62
100,20210306,3,9,26,39,86
101,20210227,32,45,51,73,75
102,20210220,5,50,53,55,56
103,20210213,26,45,48,78,79
104,20210206,11,24,30,45,66
105,20210130,3,9,19,41,55
106,20210123,22,34,52,63,85
107,20210116,19,23,45,57,78
108,20210109,19,32,34,37,39
109,20210102,7,45,65,86,88
110,20201226,11,14,22,48,85
111,20201219,2,19,27,29,86
112,20201212,7,37,39,67,72
113,20201205,4,7,28,58,77
114,20201128,38,43,48,64,75
115,20201121,15,32,42,54,75
116,20201114,8,13,30,61,68
117,20201107,15,37,65,68,73
118,20201031,3,62,71,77,78
119,20201024,1,12,54,55,67
120,20201017,4,15,48,64,88
121,20201010,3,12,27,38,47
122,20201003,20,36,54,72,76
123,20200926,8,23,72,80,90
124,20200919,5,24,28,34,58
125,20200912,2,24,61,75,85
126,20200905,11,15,16,27,60
127,20200829,34,50,55,63,66
128,20200822,8,25,72,80,90
129,20200815,12,13,28,45,49
130,20200808,17,18,55,59,67
131,20200801,13,42,51,82,89
132,20200725,1,16,58,76,87
133,20200718,12,32,48,75,88
134,20200711,19,21,26,37,88
135,20200704,16,53,66,68,69
136,20200627,2,14,15,43,65
137,20200620,5,8,12,16,68
138,20200613,5,18,31,44,80
139,20200606,18,31,56,68,83
140,20200530,32,36,55,64,68
141,20200523,2,23,29,62,87
142,20200516,30,54,55,81,89
143,20200509,30,57,58,61,86
144,20200502,8,47,50,87,89
145,20200425,34,45,66,84,87
146,20200418,1,25,64,71,83
147,20200411,35,45,50,62,65
148,20200404,31,57,66,80,83
149,20200328,20,33,39,50,64
150,20200321,40,48,59,60,64
151,20200314,12,20,30,41,77
152,20200307,37,52,54,81,89
153,20200229,13,15,17,23,37
154,20200222,16,31,58,75,77
155,20200215,28,41,52,57,86
156,20200208,6,22,49,64,65
157,20200201,5,18,63,76,80
158,20200125,3,8,23,51,56
159,20200118,18,23,56,57,73
160,20200111,48,54,63,82,88
161,20200104,4,27,53,67,68
162,20191228,31,44,46,71,84
163,20191221,2,29,53,70,82
164,20191214,28,34,54,62,84
165,20191207,15,17,63,72,90
166,20191130,9,15,29,49,83
167,20191123,5,20,67,71,83
168,20191116,17,19,37,61,70
169,20191109,4,6,10,45,59
170,20191102,11,12,49,64,68
171,20191026,17,20,41,45,85
172,20191019,2,14,24,36,54
173,20191012,9,29,56,70,82
174,20191005,14,33,60,78,83
175,20190928,14,31,39,41,71
176,20190921,35,59,74,83,89
177,20190914,40,62,63,75,83
178,20190907,4,10,21,45,81
179,20190831,28,41,43,44,46
180,20190824,4,12,16,39,90
181,20190817,1,15,61,79,87
182,20190810,24,37,40,43,50
183,20190803,15,21,67,75,81
184,20190727,16,25,26,50,75
185,20190720,12,21,24,33,88
186,20190713,1,6,27,28,54
187,20190706,27,32,37,73,85
188,20190629,4,10,24,55,77
189,20190622,1,12,16,43,56
190,20190615,22,28,59,72,89
191,20190608,26,31,35,65,87
192,20190601,1,23,29,58,84
193,20190525,22,33,47,51,66
194,20190518,1,15,25,46,63
195,20190511,6,22,71,88,90
196,20190504,11,30,36,67,83
197,20190427,1,14,68,75,76
198,20190420,14,21,53,60,90
199,20190413,6,27,31,47,84
200,20190406,17,45,53,86,87
201,20190330,15,20,22,28,65
202,20190323,7,17,42,53,76
203,20190316,4,13,58,74,79
204,20190309,3,27,72,75,78
205,20190302,32,55,61,73,88
206,20190223,11,27,46,48,87
207,20190216,37,38,58,59,68
208,20190209,2,8,18,25,65
209,20190202,8,24,38,68,78
210,20190126,45,67,79,86,88
211,20190119,3,17,34,50,89
212,20190112,5,7,36,76,82
213,20190105,4,8,25,57,65
214,20181229,3,18,43,55,74
215,20181222,16,26,28,46,49
216,20181215,4,7,47,53,75
217,20181208,1,25,26,50,66
218,20181201,24,45,54,65,76
219,20181124,12,19,20,43,61
220,20181117,3,64,73,78,84
221,20181110,15,18,22,33,90
222,20181103,15,70,76,77,87
223,20181027,3,8,49,68,76
224,20181020,9,13,27,81,87
225,20181013,9,20,44,50,70
226,20181006,6,22,28,42,49
227,20180929,13,25,35,39,44
228,20180922,38,43,48,53,69
229,20180915,14,28,30,52,84
230,20180908,1,3,43,67,68
231,20180901,4,12,31,59,61
232,20180825,28,29,48,65,86
233,20180818,7,27,42,66,80
234,20180811,17,37,43,66,68
235,20180804,4,27,30,41,56
236,20180728,1,42,48,86,88
237,20180721,10,13,15,31,38
238,20180714,4,12,24,68,84
239,20180707,4,17,46,78,83
240,20180630,19,41,43,61,75
241,20180623,21,32,61,65,77
242,20180616,38,39,40,73,83
243,20180609,20,21,25,39,57
244,20180602,10,13,26,64,67
245,20180526,15,26,51,74,89
246,20180519,3,43,59,62,69
247,20180512,4,18,56,71,80
248,20180505,5,11,18,67,89
249,20180428,11,23,37,55,72
250,20180421,4,14,27,63,65
251,20180414,19,27,31,37,81
252,20180407,25,36,38,79,84
253,20180331,13,14,16,29,43
254,20180324,22,28,31,49,78
255,20180317,1,23,42,62,71
256,20180310,12,60,67,70,85
257,20180303,28,50,77,78,85
258,20180224,9,11,32,40,55
259,20180217,10,32,42,43,46
260,20180210,59,64,67,73,74
261,20180203,3,20,53,79,88
262,20180127,39,40,68,72,73
263,20180120,1,5,34,45,46
264,20180113,15,45,62,78,79
265,20180106,17,24,37,49,82
266,20171230,1,8,17,50,77
267,20171223,55,67,70,71,73
268,20171216,1,4,31,40,83
269,20171209,16,39,42,45,78
270,20171202,1,3,23,58,70
271,20171125,1,20,26,54,55
272,20171118,1,16,47,61,75
273,20171111,5,18,47,61,85
274,20171104,18,22,50,54,79
275,20171028,15,41,50,71,76
276,20171021,5,32,47,62,88
277,20171014,1,21,35,42,90
278,20171007,8,38,62,69,70
279,20170930,10,18,83,87,89
280,20170923,14,58,59,78,85
281,20170916,34,43,51,67,80
282,20170909,18,23,54,63,82
283,20170902,27,31,47,87,89
284,20170826,34,36,59,69,90
285,20170819,3,7,19,39,50
286,20170812,21,33,68,75,89
287,20170805,7,8,25,29,76
288,20170729,39,46,47,78,85
289,20170722,22,30,35,61,71
290,20170715,1,9,25,73,89
291,20170708,33,54,66,68,72
292,20170701,7,31,34,55,60
293,20170624,5,9,52,59,85
294,20170617,21,43,62,66,84
295,20170610,6,44,46,55,81
296,20170603,21,53,59,71,86
297,20170527,15,24,35,53,71
298,20170520,48,56,58,65,70
299,20170513,5,34,45,54,55
300,20170506,6,7,46,65,88
301,20170429,5,31,41,44,63
302,20170422,47,48,56,67,90
303,20170415,58,59,71,85,89
304,20170408,14,43,49,76,85
305,20170401,7,12,32,38,82
306,20170325,2,3,35,41,79
307,20170318,1,4,59,65,85
308,20170311,1,4,40,49,67
309,20170304,3,28,37,44,46
310,20170225,10,12,13,64,79
311,20170218,51,61,64,74,79
312,20170211,3,5,13,62,87
313,20170204,4,39,49,60,62
314,20170128,3,19,64,66,77
315,20170121,17,20,59,78,81
316,20170114,3,6,67,72,76
317,20170107,9,11,43,57,88
318,20170101,25,42,45,52,86
319,20161223,8,35,60,67,84
320,20161217,26,27,30,73,85
321,20161210,10,14,25,51,71
322,20161203,7,63,69,76,85
323,20161126,33,43,58,60,77
324,20161119,8,9,19,37,43
325,20161112,1,11,45,67,78
326,20161105,7,53,65,73,87
327,20161029,53,55,67,79,80
328,20161022,14,34,43,52,78
329,20161015,17,22,47,73,90
330,20161008,23,36,38,57,76
331,20161001,1,23,37,49,60
332,20160924,8,29,59,77,89
333,20160917,1,9,17,18,89
334,20160910,9,16,78,83,86
335,20160903,4,13,47,76,78
336,20160827,22,29,53,62,74
337,20160820,39,41,46,47,60
338,20160813,13,14,21,34,84
339,20160806,15,24,27,29,40
340,20160730,16,55,60,67,76
341,20160723,32,43,60,74,79
342,20160716,10,42,60,78,82
343,20160709,40,47,52,57,83
344,20160702,1,9,11,19,41
345,20160625,29,54,63,78,83
346,20160618,2,39,69,72,74
347,20160611,3,7,32,41,58
348,20160604,22,42,62,82,84
349,20160528,4,27,41,72,88
350,20160521,9,10,36,50,78
351,20160514,6,18,51,59,64
352,20160507,22,24,43,64,90
353,20160430,43,45,56,66,82
354,20160423,24,36,44,63,68
355,20160416,8,33,57,62,66
356,20160409,5,22,25,67,87
357,20160402,1,23,27,42,84
358,20160326,16,38,54,84,90
359,20160319,15,36,45,58,72
360,20160312,28,30,35,56,84
361,20160305,38,39,52,79,85
362,20160227,27,35,51,57,59
363,20160220,24,43,44,48,58
364,20160213,11,15,23,43,87
365,20160206,11,15,26,39,78
366,20160130,48,55,62,69,80
367,20160123,11,27,55,68,80
368,20160116,7,18,53,54,85
369,20160109,3,50,52,59,74
370,20160102,27,30,35,56,68
371,20151226,3,9,38,42,85
372,20151219,15,21,78,87,89
373,20151212,34,38,45,62,90
374,20151205,22,24,35,63,68
375,20151128,9,50,72,76,89
376,20151121,31,53,57,60,83
377,20151114,10,25,38,46,50
378,20151107,41,45,51,54,86
379,20151031,18,24,30,43,79
380,20151024,2,18,45,51,70
381,20151017,2,5,17,24,72
382,20151010,14,54,60,78,81
383,20151003,5,10,23,51,58
384,20150926,10,57,70,75,87
385,20150919,4,38,42,64,74
386,20150912,8,50,69,72,87
387,20150905,20,26,38,41,58
388,20150829,1,19,70,80,81
389,20150822,17,20,32,76,84
390,20150815,2,13,67,70,86
391,20150808,33,52,67,77,87
392,20150801,3,32,50,59,65
393,20150725,3,34,46,62,79
394,20150718,2,5,37,57,67
395,20150711,10,18,26,36,38
396,20150704,1,48,61,62,79
397,20150627,19,30,43,58,69
398,20150620,27,29,47,59,89
399,20150613,3,26,28,42,49
400,20150606,15,16,36,60,70
401,20150530,18,55,56,83,90
402,20150523,12,25,30,46,51
403,20150516,1,19,20,27,34
404,20150509,18,37,44,52,76
405,20150502,8,65,67,69,82
406,20150425,2,50,55,65,84
407,20150418,25,56,57,81,86
408,20150411,21,23,29,46,48
409,20150404,2,33,38,70,77
410,20150328,6,18,35,74,90
411,20150321,18,31,36,52,59
412,20150314,11,41,42,45,77
413,20150307,13,17,19,46,60
414,20150228,18,19,22,62,67
415,20150221,1,45,64,73,86
416,20150214,18,31,46,49,85
417,20150207,18,27,52,57,73
418,20150131,27,35,42,55,71
419,20150124,3,50,55,57,58
420,20150117,63,68,69,75,86
421,20150110,5,19,23,25,67
422,20150103,46,54,55,70,85
423,20141227,10,11,29,35,48
424,20141220,6,7,40,57,67
425,20141213,3,4,55,56,69
426,20141206,7,19,23,44,66
427,20141129,37,45,59,65,76
428,20141122,25,38,43,57,72
429,20141115,9,19,57,61,62
430,20141108,14,30,51,62,78
431,20141101,37,62,66,85,90
432,20141025,27,49,72,79,81
433,20141018,10,17,61,63,73
434,20141011,4,31,38,75,89
435,20141004,8,14,19,30,34
436,20140927,27,32,36,39,57
437,20140920,2,7,12,25,76
438,20140913,7,39,40,58,68
439,20140906,3,16,27,45,81
440,20140830,19,53,60,66,67
441,20140823,24,36,63,70,84
442,20140816,6,52,57,68,86
443,20140809,20,28,47,51,71
444,20140802,23,60,76,84,86
445,20140726,6,15,22,33,44
446,20140719,13,21,44,47,52
447,20140712,13,47,68,70,86
448,20140705,45,52,59,69,81
449,20140628,12,26,65,66,83
450,20140621,3,35,37,43,52
451,20140614,1,11,19,31,37
452,20140607,2,3,32,59,73
453,20140531,16,27,45,53,70
454,20140524,30,55,59,71,80
455,20140517,2,27,28,32,90
456,20140510,12,38,45,66,76
457,20140503,4,7,19,58,63
458,20140426,11,16,39,49,74
459,20140419,29,40,46,72,90
460,20140412,5,20,22,49,70
461,20140405,4,20,28,40,53
462,20140329,19,20,30,43,65
463,20140322,23,26,27,86,87
464,20140315,5,10,54,59,80
465,20140308,3,26,31,46,66
466,20140301,3,59,63,66,84
467,20140222,40,44,62,75,84
468,20140215,2,10,39,44,68
469,20140208,15,39,42,52,55
470,20140201,23,32,37,62,79
471,20140125,15,18,19,29,39
472,20140118,38,43,48,57,74
473,20140111,1,12,42,71,85
474,20140104,24,42,46,47,81
475,20131228,8,14,24,32,54
476,20131221,5,15,38,51,76
477,20131214,43,50,66,78,80
478,20131207,8,24,51,86,87
479,20131130,12,30,51,66,73
480,20131123,11,14,37,57,58
481,20131116,6,13,34,39,51
482,20131109,11,59,61,74,80
483,20131102,20,43,44,46,55
484,20131026,7,31,36,48,66
485,20131019,9,17,69,72,85
486,20131012,30,31,35,43,54
487,20131005,7,25,34,37,46
488,20130928,5,31,64,76,86
489,20130921,17,21,70,77,83
490,20130914,1,15,48,53,62
491,20130907,26,66,77,82,87
492,20130831,15,24,48,59,65
493,20130824,10,12,22,39,68
494,20130817,12,25,31,56,57
495,20130810,42,44,49,70,78
496,20130803,30,31,39,78,83
497,20130727,22,59,62,80,90
498,20130720,16,30,32,49,73
499,20130713,2,13,15,36,69
500,20130706,55,68,76,78,81
501,20130629,14,27,64,70,85
502,20130622,8,12,38,45,85
503,20130615,13,15,30,31,41
504,20130608,13,26,42,79,84
505,20130601,9,30,39,52,75
506,20130525,13,50,53,59,70
507,20130518,23,26,33,53,60
508,20130511,12,37,62,82,83
509,20130504,25,39,45,54,65
510,20130427,20,23,39,70,78
511,20130420,18,33,53,75,89
512,20130413,26,39,40,52,53
513,20130406,1,30,37,55,82
514,20130330,3,45,56,57,86
515,20130323,1,15,45,68,70
516,20130316,2,12,23,57,78
517,20130309,6,18,26,76,77
518,20130302,6,15,23,43,68
519,20130223,2,3,47,61,67
520,20130216,3,19,41,55,61
521,20130209,1,31,55,77,88
522,20130202,7,14,19,37,44
523,20130126,21,33,43,56,79
524,20130119,4,20,24,36,39
525,20130112,4,12,31,75,85
526,20130105,28,47,58,72,75
527,20121229,34,41,56,59,61
528,20121222,5,15,32,52,83
529,20121215,5,16,70,82,85
530,20121208,20,31,34,69,84
531,20121201,15,33,56,60,76
532,20121124,20,26,59,72,75
533,20121117,16,24,40,64,73
534,20121110,9,16,49,54,68
535,20121103,3,15,19,63,89
536,20121027,15,18,37,48,72
537,20121020,47,51,53,57,63
538,20121013,6,23,41,81,85
539,20121006,18,28,29,33,59
540,20120929,2,12,29,68,86
541,20120922,28,38,52,56,65
542,20120915,39,62,73,83,90
543,20120908,1,7,30,44,69
544,20120901,24,75,83,84,85
545,20120825,7,26,37,81,88
546,20120818,11,42,53,64,66
547,20120811,16,23,26,74,75
548,20120804,16,22,28,40,54
549,20120728,7,33,35,83,89
550,20120721,19,43,46,47,52
551,20120714,20,44,52,65,83
552,20120707,17,29,74,76,82
553,20120630,11,12,31,49,58
554,20120623,19,24,47,60,88
555,20120616,19,26,53,60,89
556,20120609,14,21,22,58,64
557,20120602,18,20,30,42,51
558,20120526,23,30,45,56,71
559,20120519,11,36,43,63,66
560,20120512,1,25,27,69,81
561,20120505,21,36,68,69,87
562,20120428,1,6,23,46,50
563,20120421,24,25,43,60,85
564,20120414,1,23,39,50,65
565,20120407,35,75,80,84,86
566,20120331,15,17,68,71,89
567,20120324,5,44,63,73,83
568,20120317,39,45,57,77,81
569,20120310,45,67,69,76,88
570,20120303,2,18,43,48,53
571,20120225,7,18,59,60,65
572,20120218,3,29,66,79,83
573,20120211,40,54,60,64,65
574,20120204,4,15,24,78,82
575,20120128,7,21,48,55,82
576,20120121,10,30,44,65,66
577,20120114,12,41,59,61,66
578,20120107,45,56,65,81,83
579,20120101,19,32,36,52,76
580,20111225,12,18,25,40,67
581,20111217,2,4,61,62,89
582,20111210,4,24,32,46,84
583,20111203,9,18,45,57,71
584,20111126,2,6,34,35,76
585,20111119,4,34,48,66,83
586,20111112,6,11,40,47,86
587,20111105,6,26,27,33,75
588,20111029,4,26,67,68,71
589,20111022,24,37,39,48,74
590,20111015,1,4,40,57,70
591,20111008,33,59,63,76,84
592,20111001,4,22,32,33,35
593,20110924,3,20,27,42,51
594,20110917,16,50,74,76,78
595,20110910,35,57,74,84,87
596,20110903,7,10,56,58,84
597,20110827,35,59,78,85,88
598,20110820,23,65,75,84,88
599,20110813,20,56,63,68,84
600,20110806,7,14,50,68,90
601,20110730,28,50,64,79,82
602,20110723,28,55,57,82,83
603,20110716,4,20,43,52,85
604,20110709,37,50,65,87,89
605,20110702,2,22,36,60,76
606,20110625,15,52,55,71,83
607,20110618,15,20,37,42,51
608,20110611,11,42,45,63,76
609,20110604,2,13,72,83,84
610,20110528,9,33,42,68,74
611,20110521,8,10,51,59,74
612,20110514,22,29,40,48,86
613,20110507,6,22,23,47,84
614,20110430,26,39,41,84,88
615,20110423,1,19,34,51,67
616,20110416,35,60,74,77,84
617,20110409,2,34,66,77,82
618,20110402,24,29,53,71,72
619,20110326,40,54,73,81,85
620,20110319,18,41,42,52,89
621,20110312,17,31,32,53,72
622,20110305,1,56,69,75,76
623,20110226,5,22,51,70,72
624,20110219,15,38,66,70,76
625,20110212,5,15,36,73,75
626,20110205,1,2,18,58,74
627,20110129,12,21,33,57,59
628,20110122,26,39,70,71,82
629,20110115,3,10,48,61,76
630,20110108,5,30,55,70,85
631,20110101,4,8,31,81,83
632,20101225,4,17,70,71,75
633,20101218,11,30,63,66,84
634,20101211,4,28,38,69,72
635,20101204,37,45,48,52,74
636,20101127,2,60,66,73,84
637,20101120,24,26,39,40,78
638,20101113,1,15,22,50,80
639,20101106,15,41,43,45,89
640,20101030,6,28,38,49,69
641,20101023,12,23,30,33,61
642,20101016,2,8,38,44,50
643,20101009,10,29,62,74,83
644,20101002,13,19,31,53,73
645,20100925,26,30,36,41,81
646,20100918,1,7,14,35,43
647,20100911,25,32,36,43,63
648,20100904,15,37,46,55,59
649,20100828,3,11,16,22,87
650,20100821,13,19,26,53,73
651,20100814,39,42,47,81,89
652,20100807,2,9,11,37,46
653,20100731,1,3,38,63,72
654,20100724,11,23,32,66,73
655,20100717,25,49,76,78,85
656,20100710,3,53,73,76,89
657,20100703,14,17,21,28,50
658,20100626,11,18,26,67,83
659,20100619,4,44,65,73,89
660,20100612,31,46,70,74,78
661,20100605,9,18,76,85,90
662,20100529,17,19,29,36,78
663,20100522,4,6,52,77,78
664,20100515,15,37,51,83,86
665,20100508,2,30,50,72,84
666,20100501,24,52,58,61,78
667,20100424,1,10,42,55,73
668,20100417,18,36,49,64,80
669,20100410,18,23,45,53,64
670,20100403,28,38,55,68,82
671,20100327,8,22,53,63,71
672,20100320,10,61,71,77,83
673,20100313,1,29,50,55,70
674,20100306,20,24,61,86,90
675,20100227,9,24,54,79,82
676,20100220,4,9,29,64,65
677,20100213,13,26,27,30,45
678,20100206,12,38,39,57,79
679,20100130,3,16,31,52,53
680,20100123,8,9,54,69,87
681,20100116,25,35,42,57,87
682,20100109,13,17,42,43,46
683,20100102,5,42,46,71,81
684,20091226,4,22,68,72,82
685,20091219,6,28,33,41,45
686,20091212,3,25,48,55,80
687,20091205,21,38,46,61,65
688,20091128,15,19,45,63,68
689,20091121,60,73,75,82,86
690,20091114,55,61,63,86,90
691,20091107,6,32,57,66,77
692,20091031,5,35,47,66,78
693,20091024,18,19,54,57,84
694,20091017,4,27,29,62,72
695,20091010,15,28,51,52,73
696,20091003,1,6,8,59,71
697,20090926,16,24,33,54,84
698,20090919,9,16,26,73,75
699,20090912,1,11,21,29,81
700,20090905,9,14,15,26,45
701,20090829,9,12,35,56,58
702,20090822,11,34,41,56,69
703,20090815,4,43,61,77,80
704,20090808,1,2,16,51,90
705,20090801,15,23,41,67,73
706,20090725,25,29,48,66,89
707,20090718,1,6,20,33,38
708,20090711,4,28,58,59,85
709,20090704,2,54,66,78,81
710,20090627,4,9,13,32,70
711,20090620,3,4,32,83,90
712,20090613,1,7,17,40,81
713,20090606,31,37,66,73,77
714,20090530,25,66,76,77,90
715,20090523,1,13,33,46,54
716,20090516,2,38,44,61,76
717,20090509,27,33,38,71,81
718,20090502,10,16,29,34,42
719,20090425,20,43,53,54,58
720,20090419,17,21,57,62,71
721,20090411,4,7,31,54,57
722,20090404,7,11,15,66,79
723,20090328,14,32,53,70,86
724,20090321,20,44,52,74,85
725,20090314,26,31,33,36,37
726,20090307,11,25,57,79,86
727,20090228,7,22,79,86,88
728,20090221,5,19,26,62,64
729,20090214,4,16,22,39,69
730,20090207,18,22,29,47,51
731,20090131,27,43,53,74,75
732,20090124,2,29,31,43,85
733,20090117,16,43,48,76,86
734,20090110,4,41,56,84,85
735,20090103,9,12,36,51,60
736,20081227,26,34,66,67,83
737,20081220,1,23,24,39,62
738,20081213,1,15,43,44,51
739,20081206,11,24,31,60,84
740,20081129,10,13,28,52,65
741,20081122,9,13,16,39,67
742,20081115,9,13,29,33,64
743,20081108,9,22,24,49,88
744,20081101,2,9,39,69,75
745,20081025,5,14,36,46,54
746,20081018,31,52,55,59,62
747,20081011,11,27,69,72,77
748,20081004,1,25,38,71,74
749,20080927,33,45,57,73,88
750,20080920,22,31,53,67,84
751,20080913,34,41,61,76,84
752,20080906,22,23,31,42,73
753,20080830,3,40,57,75,83
754,20080823,11,20,44,46,88
755,20080816,7,16,33,65,78
756,20080809,1,33,42,65,70
757,20080802,2,38,40,50,84
758,20080726,32,37,48,70,87
759,20080719,14,24,64,74,81
760,20080712,2,23,26,27,50
761,20080705,20,27,63,81,82
762,20080628,4,7,56,71,83
763,20080621,5,16,30,50,55
764,20080614,3,15,16,56,89
765,20080607,27,33,39,65,83
766,20080531,4,8,18,86,89
767,20080524,3,11,28,43,75
768,20080517,53,57,62,82,90
769,20080510,4,44,47,63,89
770,20080503,10,53,54,65,71
771,20080426,7,8,24,56,85
772,20080419,11,36,38,79,89
773,20080412,29,55,64,77,87
774,20080405,16,51,69,78,87
775,20080329,10,14,28,35,41
776,20080322,9,29,57,69,74
777,20080315,10,34,42,66,85
778,20080308,10,23,29,58,65
779,20080301,11,13,49,57,60
780,20080223,12,27,44,52,57
781,20080216,2,24,26,34,88
782,20080209,14,16,28,46,58
783,20080202,3,18,20,71,81
784,20080126,10,23,61,68,72
785,20080119,5,24,59,62,86
786,20080112,18,42,45,72,80
787,20080105,4,14,27,38,41
788,20071229,9,12,15,49,66
789,20071222,15,17,34,80,90
790,20071215,11,13,18,39,76
791,20071208,40,50,70,73,89
792,20071201,6,27,60,71,82
793,20071124,4,21,26,71,83
794,20071117,9,34,50,63,90
795,20071110,1,15,26,55,59
796,20071103,15,22,23,70,88
797,20071027,28,34,36,42,86
798,20071020,25,30,40,55,74
799,20071013,11,21,32,84,85
800,20071006,1,18,30,69,90
801,20070929,25,38,51,55,85
802,20070922,27,37,39,57,66
803,20070915,9,35,42,87,88
804,20070908,2,4,17,25,41
805,20070901,3,11,24,35,77
806,20070825,17,26,57,59,78
807,20070818,28,30,35,46,83
808,20070811,1,3,47,76,78
809,20070804,40,46,63,71,77
810,20070728,13,14,39,81,87
811,20070721,20,41,44,68,71
812,20070714,24,56,73,89,90
813,20070707,21,24,26,35,71
814,20070630,9,62,69,83,90
815,20070623,10,16,25,36,56
816,20070616,19,29,47,54,83
817,20070609,31,44,71,73,82
818,20070602,11,24,42,59,78
819,20070526,1,6,18,35,79
820,20070519,46,65,75,84,85
821,20070512,52,54,72,77,83
822,20070505,9,14,21,55,77
823,20070428,21,41,45,49,63
824,20070421,3,10,14,30,63
825,20070414,14,30,47,58,77
826,20070407,14,20,30,55,75
827,20070331,7,49,63,64,72
828,20070324,13,49,66,75,79
829,20070317,22,39,49,60,70
830,20070310,11,24,38,39,81
831,20070303,18,36,65,79,89
832,20070224,8,13,39,43,63
833,20070217,16,22,62,79,90
834,20070210,1,8,34,74,86
835,20070203,14,23,72,85,86
836,20070127,2,32,47,61,67
837,20070120,16,43,56,57,86
838,20070113,45,54,79,81,82
839,20070106,27,36,37,55,57
840,20061230,5,21,35,62,76
841,20061223,52,54,65,72,88
842,20061216,14,41,48,50,52
843,20061210,4,27,29,74,85
844,20061202,20,25,31,60,79
845,20061125,5,13,21,27,81
846,20061118,14,27,40,52,74
847,20061111,25,42,48,73,87
848,20061105,15,17,37,48,57
849,20061028,5,24,30,44,57
850,20061021,1,6,14,18,88
851,20061014,3,39,40,82,83
852,20061007,25,38,40,55,76
853,20060930,11,12,35,61,76
854,20060923,13,37,51,59,61
855,20060916,19,21,42,73,87
856,20060909,4,12,45,65,66
857,20060902,17,38,39,55,85
858,20060826,16,35,54,65,68
859,20060819,17,18,66,73,90
860,20060812,15,22,63,81,89
861,20060805,13,16,46,65,69
862,20060729,34,45,76,77,83
863,20060722,36,44,47,83,89
864,20060715,2,15,29,73,75
865,20060708,4,17,19,53,61
866,20060701,11,62,69,74,90
867,20060624,38,49,73,78,83
868,20060617,11,17,69,71,80
869,20060610,1,29,34,73,88
870,20060603,15,28,35,65,73
871,20060527,9,22,55,70,79
872,20060520,10,24,51,57,76
873,20060513,12,22,28,56,60
874,20060506,15,23,34,44,67
875,20060429,8,11,13,21,43
876,20060422,3,10,66,69,82
877,20060415,24,28,34,49,56
878,20060408,9,29,38,80,86
879,20060401,8,46,56,79,84
880,20060325,13,35,61,64,66
881,20060318,50,53,63,79,86
882,20060311,9,33,61,72,90
883,20060304,44,71,73,76,84
884,20060225,3,7,8,16,59
885,20060218,19,27,40,80,87
886,20060211,52,55,56,64,81
887,20060204,21,45,52,69,83
888,20060128,13,63,65,66,74
889,20060121,1,33,49,56,69
890,20060114,35,36,42,47,60
891,20060107,5,19,21,44,69
892,20060101,13,35,39,42,58
893,20051225,6,19,31,72,81
894,20051217,3,18,19,60,79
895,20051210,7,11,16,50,86
896,20051203,38,45,56,63,78
897,20051126,5,30,72,87,88
898,20051119,5,14,15,56,79
899,20051112,36,40,52,79,80
900,20051105,15,22,28,41,57
901,20051029,33,37,40,51,52
902,20051022,4,51,66,74,83
903,20051015,34,44,55,62,75
904,20051008,3,19,50,59,70
905,20051001,31,44,55,67,73
906,20050924,8,36,44,55,76
907,20050917,3,33,53,60,61
908,20050910,4,16,22,48,88
909,20050903,17,18,40,42,58
910,20050827,4,32,34,36,78
911,20050820,22,32,51,75,83
912,20050813,2,9,28,30,78
913,20050806,3,31,39,73,81
914,20050730,6,15,36,38,75
915,20050723,11,12,28,64,81
916,20050716,4,10,37,42,51
917,20050709,12,17,45,59,75
918,20050702,17,24,47,68,84
919,20050625,7,24,36,57,70
920,20050618,18,35,56,88,90
921,20050611,4,29,33,44,73
922,20050604,27,36,57,71,86
923,20050528,7,8,69,80,84
924,20050521,14,16,32,53,54
925,20050514,1,6,62,72,75
926,20050507,41,50,80,83,85
927,20050430,41,47,77,82,84
928,20050423,3,4,25,29,65
929,20050416,37,50,69,77,81
930,20050409,9,27,59,72,74
931,20050402,16,20,41,59,60
932,20050326,2,19,63,72,82
933,20050319,21,29,58,62,71
934,20050312,2,16,36,37,72
935,20050305,19,37,49,86,89
936,20050226,8,27,28,33,58
937,20050219,9,20,47,50,78
938,20050212,14,30,32,37,67
939,20050205,31,32,54,76,89
940,20050129,2,8,37,38,54
941,20050122,30,33,40,55,88
942,20050115,22,66,67,87,89
943,20050108,30,42,60,75,80
944,20050101,38,55,65,66,67
945,20041225,24,48,50,55,80
946,20041218,8,11,17,45,81
947,20041211,16,60,65,77,78
948,20041204,11,13,22,38,47
949,20041127,49,61,66,69,75
950,20041120,27,29,34,37,59
951,20041113,23,47,61,69,82
952,20041106,28,38,47,62,79
